InventoryID,ProductID,WarehouseID,Units,InventoryValue,LastMovement
1,160,6,1177,283718.66,2025-11-28
2,172,3,1241,448283.89,2025-07-03
3,67,7,642,165648.48,2025-02-19
4,160,4,1474,400147.22,2025-05-25
5,131,5,1193,406025.99,2025-09-13
6,96,8,84,20578.59,2025-12-20
7,129,5,1128,378620.93,2025-05-14
8,87,6,289,14674.47,2025-08-30
9,108,5,1405,235708.77,2025-03-01
10,22,6,220,102148.25,2025-02-17
11,153,4,1171,95984.65,2025-09-09
12,125,4,1305,338481.07,2025-12-20
13,34,10,1398,160033.05,2025-07-12
14,177,9,1300,96471.39,2025-10-03
15,167,5,53,25344.5,2025-02-19
16,191,2,168,42138.09,2025-12-13
17,85,6,452,117740.4,2025-10-22
18,55,1,680,319506.99,2025-10-15
19,119,9,745,91363.08,2025-11-29
20,22,5,936,140636.84,2025-04-09
21,127,6,10,1916.04,2025-01-03
22,41,1,442,125485.61,2025-10-26
23,116,10,1149,565329.39,2025-06-29
24,44,5,1706,534149.46,2025-10-16
25,72,3,347,103436.89,2025-05-02
26,47,6,1590,615304.96,2025-02-19
27,94,5,452,143923.97,2025-01-18
28,161,6,1585,542928.23,2025-11-12
29,100,5,1859,494611.59,2025-06-17
30,24,4,1123,468691.86,2025-05-13
31,31,4,484,192835.3,2025-02-12
32,137,4,729,342683.83,2025-08-17
33,23,6,1887,550166.46,2025-09-26
34,98,8,1867,816779.93,2025-07-08
35,41,8,109,49195.62,2025-09-15
36,60,2,548,46647.48,2025-08-07
37,143,4,407,44752.85,2025-01-30
38,103,1,1358,262396.43,2025-01-07
39,100,2,127,55320.83,2025-06-09
40,55,3,1654,528696.64,2025-09-16
41,190,9,275,112810.6,2025-07-08
42,161,6,175,87478.01,2025-07-30
43,83,2,1095,378471.93,2025-07-30
44,111,1,104,3707.15,2025-02-02
45,47,7,736,93215.16,2025-07-18
46,40,4,824,267213.5,2025-10-29
47,9,9,1299,524233.14,2025-01-23
48,119,5,1651,37116.38,2025-08-02
49,15,6,1879,682686.56,2025-10-02
50,192,8,1996,884493.42,2025-03-29
51,89,4,885,415043.4,2025-09-21
52,131,7,1304,420850.86,2025-03-28
53,11,5,665,41228.08,2025-06-01
54,74,1,1534,165151.34,2025-01-29
55,91,6,1987,238195.55,2025-05-29
56,152,5,849,247744.09,2025-11-04
57,60,10,506,107536.49,2025-07-06
58,189,6,1706,398908.26,2025-02-04
59,183,2,1517,391568.46,2025-09-27
60,75,10,391,172331.55,2025-03-28
61,132,10,264,114367.7,2025-01-01
62,147,1,924,150597.78,2025-04-01
63,122,2,418,163244.47,2025-10-21
64,185,3,43,20712.06,2025-04-20
65,8,2,1669,269669.18,2025-11-29
66,92,2,1541,597850.68,2025-12-18
67,90,1,1308,426070.76,2025-02-07
68,154,8,1447,74392.45,2025-07-13
69,184,10,986,418789.04,2025-10-23
70,21,3,657,317676.49,2025-03-05
71,5,8,653,187833.12,2025-10-31
72,95,7,1870,189867.81,2025-05-12
73,17,3,1635,423180.29,2025-05-06
74,7,7,1041,128844.06,2025-02-03
75,4,8,207,48739.39,2025-01-11
76,1,6,231,35247.84,2025-11-13
77,178,3,1791,433500.3,2025-09-02
78,113,6,112,19745.91,2025-03-19
79,117,8,1838,430448.88,2025-01-08
80,119,9,360,55571.41,2025-01-04
81,114,1,1127,305597.45,2025-01-03
82,165,1,1442,603952.64,2025-02-14
83,125,2,832,136676.03,2025-09-30
84,102,7,772,257096.15,2025-10-26
85,75,6,1507,268384.63,2025-05-12
86,174,7,790,281959.33,2025-06-15
87,141,7,978,186551.84,2025-01-19
88,117,10,1891,870443.22,2025-09-27
89,22,8,847,327974.84,2025-02-23
90,32,4,1330,97147.59,2025-10-27
91,85,9,1179,50854.93,2025-03-29
92,83,1,1314,570759.7,2025-05-15
93,144,4,1989,910174.37,2025-04-01
94,190,8,1964,574086.26,2025-01-16
95,19,6,1552,648791.59,2025-05-28
96,171,9,1736,766798.12,2025-12-29
97,119,8,1348,248997.04,2025-08-07
98,98,5,265,10033.23,2025-11-06
99,125,5,1633,701360.43,2025-08-16
100,60,3,1892,740900.26,2025-01-31
101,134,3,1214,44855.01,2025-11-08
102,162,1,583,110305.81,2025-07-11
103,178,2,1575,336241.88,2025-03-29
104,35,10,1269,379746.22,2025-06-28
105,63,3,1137,156367.94,2025-09-22
106,80,1,300,111698.91,2025-10-21
107,135,2,338,157223.49,2025-11-22
108,62,4,1389,691723.93,2025-06-22
109,35,6,11,3365.57,2025-11-07
110,83,3,220,90881.59,2025-12-23
111,143,8,1988,77792.09,2025-04-17
112,91,2,1115,169366.07,2025-05-20
113,13,3,1609,589763.19,2025-05-21
114,96,2,1877,360365.82,2025-05-20
115,18,10,1420,226270.22,2025-02-27
116,52,6,1846,883686.93,2025-02-25
117,179,9,564,165607.54,2025-09-17
118,126,9,608,165633.0,2025-07-23
119,186,3,169,60399.29,2025-09-23
120,15,2,254,35512.01,2025-10-08
121,64,6,1496,97855.52,2025-04-23
122,64,5,647,260331.49,2025-12-03
123,109,4,720,87843.21,2025-11-08
124,17,3,372,17576.01,2025-11-13
125,81,1,507,164941.78,2025-01-26
126,54,4,1298,42487.2,2025-01-27
127,101,5,15,5742.74,2025-05-31
128,102,4,1682,696293.74,2025-11-30
129,67,10,1292,109857.75,2025-08-09
130,13,4,1570,552018.56,2025-03-10
131,176,9,634,169977.47,2025-12-15
132,163,6,677,16094.34,2025-07-31
133,142,3,104,11586.02,2025-02-24
134,161,1,528,84653.49,2025-02-14
135,179,2,318,63722.89,2025-04-20
136,125,7,73,4639.74,2025-02-22
137,5,4,291,69476.77,2025-02-15
138,6,6,282,115685.38,2025-11-22
139,115,8,1065,446298.79,2025-03-23
140,77,7,1269,33343.96,2025-08-05
141,41,8,1940,582279.15,2025-11-26
142,189,2,1166,97964.08,2025-02-18
143,23,2,613,288922.88,2025-05-21
144,162,2,975,206035.57,2025-09-10
145,94,1,1688,721442.11,2025-09-08
146,88,7,1265,497431.25,2025-02-21
147,59,1,1280,157637.24,2025-10-28
148,97,3,1926,210514.37,2025-08-26
149,199,10,1609,273168.46,2025-03-30
150,53,2,917,146231.11,2025-05-20
151,141,1,748,135429.36,2025-12-31
152,172,7,582,92004.92,2025-05-29
153,25,2,1370,304796.61,2025-04-05
154,103,9,405,153071.66,2025-11-05
155,47,7,1214,101907.2,2025-10-23
156,39,10,1638,669126.12,2025-12-08
157,30,10,1903,663031.06,2025-12-17
158,10,3,1974,373552.38,2025-12-13
159,121,9,1211,551795.18,2025-01-30
160,30,3,1358,97650.2,2025-04-30
161,166,2,927,230203.98,2025-11-20
162,70,9,233,72726.77,2025-11-30
163,56,1,381,9604.22,2025-11-09
164,107,10,1935,846362.24,2025-12-11
165,21,6,1734,86337.65,2025-03-09
166,138,6,782,40102.4,2025-11-30
167,6,5,127,45305.98,2025-01-18
168,145,1,399,27281.11,2025-02-02
169,126,9,203,59489.9,2025-07-28
170,136,8,1137,93196.09,2025-10-23
171,25,1,1552,277667.54,2025-07-02
172,119,1,1207,414258.97,2025-03-22
173,17,4,844,238955.88,2025-03-12
174,128,5,245,67789.21,2025-10-10
175,89,4,1398,278654.88,2025-02-18
176,114,4,1561,342177.33,2025-08-05
177,17,2,322,111332.44,2025-12-18
178,170,2,124,26929.4,2025-04-23
179,121,9,827,312796.24,2025-07-18
180,12,4,517,118751.17,2025-03-22
181,185,10,1347,505776.9,2025-11-25
182,62,2,754,22068.63,2025-09-29
183,72,1,423,140351.42,2025-09-14
184,190,6,1842,711110.44,2025-12-16
185,68,3,1106,252700.06,2025-01-02
186,56,5,1441,521897.51,2025-01-23
187,32,10,283,136888.65,2025-04-26
188,78,8,763,359356.19,2025-01-05
189,132,3,1050,213976.16,2025-11-22
190,22,4,918,28666.61,2025-08-06
191,75,1,1990,460546.75,2025-08-07
192,171,3,694,285294.0,2025-05-12
193,127,10,1259,625622.05,2025-10-24
194,40,9,694,72990.79,2025-10-12
195,90,10,652,117575.33,2025-10-27
196,27,7,36,11016.87,2025-02-01
197,134,1,105,50983.51,2025-05-05
198,116,9,215,6244.97,2025-08-05
199,155,5,1457,552237.99,2025-09-13
200,119,4,1929,603483.18,2025-09-26
201,28,2,1414,52391.59,2025-04-07
202,185,1,72,22992.77,2025-06-15
203,144,7,783,366044.11,2025-07-21
204,91,2,252,67123.51,2025-12-28
205,138,7,763,343636.55,2025-03-24
206,96,8,467,217490.65,2025-01-28
207,108,9,1711,266703.87,2025-08-31
208,11,7,986,272376.51,2025-12-10
209,164,10,916,309629.75,2025-08-15
210,155,2,1412,379909.77,2025-02-06
211,182,3,1688,777321.97,2025-07-17
212,1,3,1215,195447.5,2025-04-24
213,46,7,1809,331981.8,2025-05-18
214,43,4,945,58378.83,2025-11-12
215,73,3,461,125845.97,2025-08-02
216,84,6,1280,253040.83,2025-07-01
217,49,9,1152,99612.15,2025-04-28
218,142,9,385,52979.16,2025-10-04
219,109,3,294,91646.51,2025-01-26
220,97,10,1236,232478.76,2025-11-24
221,35,4,351,121977.98,2025-09-15
222,27,4,1747,505611.42,2025-12-19
223,87,8,366,16594.97,2025-07-21
224,157,5,53,22560.67,2025-12-26
225,83,4,1807,177078.49,2025-06-23
226,24,3,1505,581111.18,2025-04-05
227,173,1,284,21131.84,2025-11-24
228,14,4,46,15074.97,2025-01-21
229,52,1,1606,657966.15,2025-12-02
230,128,1,1553,463122.48,2025-11-20
231,55,4,411,40518.55,2025-11-19
232,183,10,261,118199.23,2025-03-11
233,59,8,668,68754.73,2025-07-23
234,125,2,208,65723.59,2025-03-01
235,169,10,1701,621313.73,2025-01-08
236,107,5,969,418810.27,2025-04-05
237,161,5,734,48625.26,2025-04-18
238,131,4,1585,535014.61,2025-04-19
239,49,10,1922,195332.14,2025-08-27
240,74,7,958,23500.12,2025-08-19
241,194,9,1278,87332.18,2025-10-14
242,177,6,1779,491103.1,2025-12-22
243,83,3,1284,463383.02,2025-12-05
244,156,6,1784,549524.1,2025-01-08
245,52,5,18,6323.51,2025-04-30
246,158,2,145,26650.31,2025-08-25
247,48,8,126,45268.5,2025-08-27
248,22,9,1856,539660.46,2025-05-13
249,116,8,744,357907.58,2025-10-18
250,128,8,1972,395081.14,2025-11-14
251,7,3,1242,90753.75,2025-05-28
252,142,1,1426,329229.69,2025-08-31
253,65,2,1101,113096.52,2025-01-08
254,152,7,819,304929.69,2025-09-26
255,43,3,1899,113388.46,2025-09-11
256,10,6,1710,78589.54,2025-02-19
257,149,8,664,280082.69,2025-01-04
258,63,6,1489,86580.38,2025-04-05
259,179,4,331,49649.59,2025-02-18
260,49,6,810,127557.07,2025-09-10
261,50,6,1864,570871.07,2025-07-10
262,124,7,1355,663851.52,2025-09-08
263,179,8,793,250048.98,2025-10-02
264,108,10,637,223860.52,2025-11-11
265,96,10,1079,534615.92,2025-10-26
266,74,6,1821,542920.41,2025-03-25
267,53,10,490,103963.9,2025-12-13
268,6,4,72,7037.86,2025-04-22
269,158,5,1378,262650.57,2025-02-23
270,105,9,1045,106535.36,2025-06-07
271,42,7,674,35806.6,2025-04-21
272,183,3,1686,538515.52,2025-01-05
273,74,4,1867,814380.95,2025-08-08
274,42,9,1560,392528.0,2025-07-16
275,159,2,1969,441678.89,2025-02-13
276,196,5,1015,31913.25,2025-08-14
277,38,6,1155,461085.89,2025-10-20
278,151,7,1637,110979.56,2025-08-29
279,85,1,1561,43751.67,2025-12-16
280,66,4,418,61062.63,2025-05-21
281,81,5,1914,562605.09,2025-03-13
282,192,8,886,366158.97,2025-02-17
283,153,8,821,65831.79,2025-10-19
284,89,10,1547,670500.75,2025-09-18
285,161,9,348,101501.77,2025-04-09
286,186,5,455,136263.93,2025-07-29
287,172,5,474,177840.82,2025-11-18
288,122,6,1391,52498.94,2025-04-24
289,197,7,135,12780.29,2025-01-22
290,17,9,863,70170.79,2025-05-11
291,21,2,350,35185.86,2025-12-07
292,172,8,686,105978.5,2025-04-13
293,190,4,259,32563.61,2025-07-08
294,80,7,479,217901.35,2025-09-20
295,7,2,1900,923465.09,2025-12-26
296,40,10,1298,122518.24,2025-09-05
297,171,7,1476,728738.4,2025-01-18
298,117,6,1299,370857.41,2025-05-15
299,85,2,1411,697882.61,2025-12-02
300,81,8,1615,693744.82,2025-11-02
301,117,2,1557,49778.43,2025-12-07
302,39,4,1747,837299.68,2025-03-04
303,84,10,1811,668178.14,2025-05-18
304,135,3,1716,531267.99,2025-02-17
305,152,10,47,2887.77,2025-04-28
306,135,3,1584,767121.52,2025-02-19
307,81,7,838,340714.93,2025-08-10
308,25,6,355,10966.91,2025-07-02
309,185,10,1578,457551.56,2025-06-12
310,15,2,1308,118335.6,2025-12-12
311,191,10,1057,218721.17,2025-11-22
312,7,10,1248,483465.58,2025-10-28
313,105,4,408,44725.47,2025-05-23
314,121,2,1518,393974.95,2025-02-21
315,164,2,1925,247186.29,2025-09-29
316,119,9,31,7678.67,2025-02-21
317,124,5,1241,371793.83,2025-01-27
318,152,10,1739,47549.21,2025-08-05
319,179,2,788,20847.42,2025-03-03
320,53,3,990,231423.27,2025-08-04
321,140,1,1047,115706.75,2025-09-23
322,27,8,1703,439083.17,2025-12-28
323,31,7,1971,309655.7,2025-06-28
324,124,8,253,108207.64,2025-01-04
325,92,2,1465,150931.2,2025-03-11
326,193,10,1539,347543.47,2025-01-25
327,153,10,1031,509011.72,2025-01-31
328,26,9,1602,526387.78,2025-08-29
329,139,8,1525,195924.66,2025-09-26
330,38,4,1135,142492.91,2025-11-27
331,109,10,147,16483.5,2025-07-13
332,191,4,815,140337.55,2025-06-23
333,130,2,326,107580.78,2025-08-07
334,75,5,908,445388.07,2025-01-04
335,101,9,1789,239358.08,2025-05-13
336,23,8,443,63776.56,2025-08-06
337,41,4,1878,292813.37,2025-07-16
338,65,1,247,14669.51,2025-05-09
339,121,9,1579,186099.58,2025-11-23
340,81,10,1906,791487.86,2025-11-30
341,182,8,641,279232.9,2025-03-03
342,109,6,282,72304.35,2025-04-29
343,148,8,560,204152.42,2025-11-08
344,110,8,1929,753186.91,2025-07-31
345,176,10,1974,814201.4,2025-04-14
346,133,10,247,37572.64,2025-12-26
347,69,5,1934,837076.15,2025-03-19
348,124,6,1972,205682.17,2025-03-01
349,18,8,1459,499903.99,2025-09-20
350,96,7,897,428242.57,2025-05-20
351,179,5,1422,606255.91,2025-01-26
352,25,6,1449,513370.06,2025-06-04
353,144,2,1845,412349.07,2025-02-13
354,121,2,1728,345969.57,2025-12-05
355,112,6,963,272018.49,2025-04-22
356,132,8,1827,238764.71,2025-08-19
357,1,2,325,81005.42,2025-12-19
358,152,3,380,76202.3,2025-09-07
359,141,3,1983,428277.11,2025-10-30
360,165,6,256,105834.47,2025-04-29
361,198,7,1073,461062.29,2025-04-14
362,180,4,1523,203665.27,2025-06-23
363,189,8,473,129203.62,2025-03-01
364,168,10,206,6647.18,2025-08-10
365,174,8,613,43624.93,2025-04-27
366,152,1,700,147262.5,2025-07-14
367,100,7,1574,524464.87,2025-10-24
368,17,5,1982,890288.93,2025-07-21
369,131,8,832,308414.56,2025-02-23
370,174,5,1814,46738.14,2025-11-05
371,134,2,691,202091.49,2025-05-11
372,30,6,1786,342600.4,2025-09-19
373,130,10,183,54565.24,2025-07-20
374,101,10,1543,617622.51,2025-03-23
375,104,7,1085,292840.76,2025-08-16
376,37,7,106,45944.18,2025-05-14
377,155,4,1749,515314.64,2025-03-08
378,120,1,248,21578.71,2025-01-30
379,72,5,180,79734.68,2025-12-30
380,144,5,1798,57519.37,2025-06-16
381,94,5,563,138308.47,2025-01-31
382,18,4,1979,277894.1,2025-01-02
383,29,2,1118,525159.13,2025-01-26
384,34,2,682,240931.64,2025-02-01
385,157,5,654,273482.97,2025-12-18
386,49,2,589,37003.52,2025-05-26
387,118,8,794,123726.04,2025-01-24
388,108,6,1340,311685.94,2025-03-06
389,195,4,726,331489.9,2025-03-11
390,26,2,1396,672770.78,2025-04-10
391,167,6,1876,866202.04,2025-09-20
392,71,10,1272,436663.55,2025-10-16
393,56,5,1233,32413.05,2025-05-31
394,34,1,987,454194.84,2025-10-08
395,55,7,1481,640029.65,2025-09-25
396,14,4,768,126956.67,2025-12-07
397,162,2,257,33739.49,2025-08-10
398,134,10,373,99779.67,2025-03-20
399,186,1,167,27253.28,2025-09-16
400,173,8,1981,762550.56,2025-01-05
401,38,8,1012,451426.4,2025-05-19
402,161,1,523,17719.73,2025-05-16
403,10,10,1792,658398.0,2025-03-20
404,190,8,464,102895.36,2025-03-03
405,44,5,186,87709.51,2025-09-24
406,82,10,618,203548.45,2025-08-07
407,52,2,1208,294885.82,2025-08-21
408,6,1,1791,195575.13,2025-09-02
409,86,3,187,46924.44,2025-02-08
410,138,7,1581,627551.19,2025-04-14
411,152,9,288,15534.27,2025-12-03
412,82,3,82,32546.99,2025-02-10
413,40,7,516,112922.2,2025-07-30
414,114,3,1921,196710.03,2025-12-01
415,28,9,59,6975.66,2025-06-27
416,5,9,1630,338718.83,2025-05-17
417,189,4,1283,153037.22,2025-07-18
418,71,1,483,146346.77,2025-03-21
419,1,3,1084,400362.35,2025-05-25
420,126,10,1194,456991.16,2025-08-29
421,95,4,65,3382.23,2025-08-30
422,137,5,1400,265802.36,2025-03-19
423,39,9,12,365.29,2025-08-30
424,34,10,236,36514.03,2025-03-04
425,35,4,1358,226123.13,2025-02-10
426,34,3,195,29849.06,2025-04-11
427,32,6,1603,437282.04,2025-04-22
428,74,4,738,142829.09,2025-06-02
429,9,9,403,91107.05,2025-05-02
430,117,5,180,86147.21,2025-09-14
431,71,6,5,1294.28,2025-03-24
432,78,2,1225,258668.4,2025-09-28
433,87,6,129,4905.53,2025-04-08
434,171,1,1436,691086.53,2025-03-16
435,14,6,1992,854093.98,2025-09-08
436,13,2,1793,510426.66,2025-12-12
437,16,4,766,195776.07,2025-01-25
438,66,6,751,15378.43,2025-03-05
439,188,7,1730,366222.75,2025-11-24
440,18,1,712,135777.55,2025-06-15
441,156,2,1749,294882.43,2025-08-22
442,50,5,875,176813.57,2025-01-06
443,126,7,638,131597.59,2025-09-04
444,60,5,1218,26163.11,2025-09-05
445,92,5,695,208107.04,2025-12-13
446,23,10,1131,106507.39,2025-08-29
447,100,4,410,195696.15,2025-01-23
448,120,6,1306,191601.26,2025-04-02
449,40,9,293,97224.15,2025-08-27
450,174,9,984,56222.31,2025-05-28
451,12,8,1120,124111.97,2025-09-27
452,21,9,155,24985.6,2025-01-18
453,188,8,1902,704023.52,2025-07-17
454,123,9,493,11927.78,2025-09-08
455,86,1,56,24587.1,2025-10-03
456,25,10,952,398503.71,2025-05-01
457,66,7,920,240298.91,2025-12-14
458,47,8,1303,633209.36,2025-05-15
459,184,4,65,22037.68,2025-11-24
460,140,4,860,177857.0,2025-09-30
461,167,7,1693,317622.6,2025-02-25
462,25,8,132,13987.54,2025-11-17
463,98,7,1566,146078.56,2025-02-04
464,191,7,543,135981.11,2025-08-08
465,36,10,1299,393202.14,2025-08-28
466,155,4,1972,641533.85,2025-03-01
467,72,9,1058,184796.3,2025-08-26
468,9,1,244,46750.69,2025-06-12
469,47,1,572,209405.09,2025-04-11
470,9,2,1724,186080.83,2025-09-12
471,175,4,122,56649.53,2025-07-15
472,92,7,131,11703.88,2025-02-28
473,86,8,1723,317636.27,2025-08-21
474,131,7,1320,333524.82,2025-04-21
475,129,5,153,37313.5,2025-05-13
476,181,10,1132,265757.32,2025-01-18
477,27,7,1227,125865.67,2025-08-21
478,183,10,1374,273805.28,2025-11-13
479,35,7,1977,214396.0,2025-09-15
480,173,3,1454,183753.41,2025-09-12
481,61,8,1257,544158.59,2025-11-10
482,36,3,96,19680.26,2025-06-10
483,115,3,685,328489.74,2025-08-06
484,36,9,1424,567728.16,2025-11-05
485,130,9,1427,45424.87,2025-04-10
486,176,2,507,38591.44,2025-08-20
487,100,3,1736,764295.66,2025-12-10
488,108,5,167,6651.71,2025-04-17
489,25,10,1791,285865.0,2025-08-01
490,108,9,1057,90341.2,2025-07-29
491,27,9,1716,87437.95,2025-04-16
492,73,4,817,178525.47,2025-06-05
493,156,5,1578,185352.51,2025-01-02
494,157,10,1188,225648.26,2025-05-31
495,40,9,540,115915.51,2025-02-03
496,31,2,1327,398385.84,2025-07-18
497,100,3,1176,448989.83,2025-09-22
498,97,2,1561,313999.67,2025-03-08
499,110,6,823,203877.7,2025-02-12
500,12,8,281,12964.71,2025-08-01
501,72,8,526,162931.0,2025-11-27
502,173,8,173,79967.44,2025-09-17
503,78,2,1487,736542.44,2025-02-21
504,94,8,827,322197.86,2025-06-21
505,65,8,438,11375.7,2025-08-15
506,193,4,857,248301.5,2025-10-09
507,125,10,124,26621.4,2025-07-22
508,52,8,508,29881.22,2025-12-10
509,160,2,1708,319298.99,2025-05-07
510,57,1,1809,83747.68,2025-05-09
511,43,9,159,25214.8,2025-04-09
512,67,4,1619,217813.09,2025-05-02
513,58,10,299,147414.48,2025-05-23
514,135,1,421,134743.92,2025-10-30
515,15,9,1687,315979.31,2025-03-31
516,164,4,1354,360889.91,2025-04-23
517,77,5,4,1561.81,2025-03-02
518,145,5,1988,884585.9,2025-03-16
519,31,4,833,35679.24,2025-04-12
520,138,8,909,343633.87,2025-12-24
521,118,10,686,218169.57,2025-04-10
522,107,10,1261,464784.59,2025-11-26
523,12,3,1627,147759.9,2025-10-07
524,102,2,1834,902095.38,2025-01-04
525,40,9,827,333880.41,2025-07-21
526,82,8,173,19538.06,2025-06-24
527,89,8,1252,242947.45,2025-08-16
528,79,4,352,39134.07,2025-12-04
529,144,6,305,47679.02,2025-01-26
530,36,7,315,52189.66,2025-06-08
531,107,9,437,171789.72,2025-03-01
532,2,6,1600,416240.96,2025-06-07
533,138,9,1561,763035.04,2025-03-02
534,38,4,584,111974.75,2025-07-28
535,11,5,849,414772.47,2025-05-02
536,143,10,311,115920.5,2025-07-10
537,148,2,475,54554.13,2025-10-31
538,141,9,1050,173192.48,2025-05-25
539,104,10,1101,116466.8,2025-01-24
540,159,10,1420,595624.1,2025-12-25
541,41,9,1765,552299.17,2025-11-16
542,3,3,701,235224.21,2025-06-24
543,33,10,1120,342303.38,2025-02-25
544,100,4,1437,278158.62,2025-09-05
545,82,8,1506,532481.66,2025-11-12
546,104,5,1503,620943.76,2025-07-24
547,149,5,1446,465555.09,2025-06-30
548,90,5,1614,669076.42,2025-11-13
549,129,7,554,13915.43,2025-02-14
550,108,6,610,250150.92,2025-11-25
551,171,6,1443,573206.47,2025-12-01
552,131,4,249,97246.3,2025-11-11
553,50,2,1795,98488.1,2025-11-25
554,127,2,1516,220669.15,2025-03-26
555,68,9,577,277239.2,2025-08-14
556,15,4,754,57399.34,2025-06-17
557,46,5,1150,309626.02,2025-02-23
558,32,1,822,320689.51,2025-10-09
559,187,3,1036,305506.32,2025-01-30
560,77,8,1160,447891.69,2025-10-14
561,97,10,1463,165493.29,2025-05-31
562,10,1,574,230265.42,2025-09-28
563,37,4,575,267707.26,2025-09-10
564,97,6,513,233916.77,2025-09-20
565,14,9,240,104186.35,2025-08-09
566,140,4,305,152133.1,2025-09-05
567,29,7,165,60952.16,2025-04-18
568,43,8,300,139407.2,2025-08-11
569,82,7,782,122383.87,2025-04-07
570,90,6,1215,496989.95,2025-08-28
571,134,1,1720,637871.35,2025-10-15
572,114,7,1930,179588.7,2025-05-20
573,36,10,1999,602173.51,2025-05-17
574,84,4,492,37224.1,2025-03-25
575,49,2,458,105897.26,2025-01-06
576,83,8,1654,606021.73,2025-11-03
577,22,10,1488,66945.14,2025-06-02
578,43,5,1723,638705.88,2025-11-28
579,22,7,246,100712.06,2025-08-19
580,69,7,1676,785566.37,2025-03-24
581,55,9,1234,135908.98,2025-02-02
582,129,8,1174,500000.48,2025-10-14
583,151,2,642,69653.52,2025-12-29
584,40,3,983,389913.23,2025-02-01
585,118,1,143,70979.66,2025-07-21
586,113,9,1727,736436.57,2025-08-27
587,71,5,1360,387466.12,2025-01-17
588,73,4,157,50836.39,2025-09-09
589,32,7,784,217712.0,2025-12-07
590,151,6,1537,650985.53,2025-01-07
591,62,8,1546,100464.2,2025-07-02
592,45,2,1254,385055.42,2025-06-01
593,103,5,1339,490573.32,2025-03-13
594,132,4,649,126198.0,2025-11-22
595,164,6,1452,129658.24,2025-08-07
596,6,1,1776,876460.62,2025-08-16
597,43,7,935,452306.32,2025-03-28
598,14,3,1984,735715.57,2025-05-14
599,165,1,1223,315780.07,2025-10-19
600,127,6,148,48564.27,2025-10-26
601,32,6,101,24370.09,2025-11-09
602,135,8,838,163178.96,2025-05-11
603,176,4,777,125477.32,2025-05-31
604,167,1,1591,334702.99,2025-04-18
605,23,7,1830,665947.9,2025-12-18
606,33,8,1360,477007.4,2025-04-14
607,153,10,1783,547642.03,2025-09-18
608,68,9,1534,158503.77,2025-01-10
609,36,10,625,308187.25,2025-11-09
610,8,7,503,125005.28,2025-12-27
611,11,3,1268,408597.85,2025-10-10
612,186,8,160,39993.49,2025-04-11
613,111,9,199,73776.86,2025-07-12
614,185,4,1870,97111.8,2025-01-20
615,79,2,1150,145764.59,2025-02-14
616,97,4,89,28825.86,2025-03-22
617,101,6,1162,74292.57,2025-11-18
618,57,6,1491,68441.63,2025-09-24
619,125,3,1780,51912.43,2025-12-18
620,72,2,13,5104.93,2025-12-26
621,135,1,705,161016.57,2025-03-02
622,58,6,1082,92535.27,2025-09-09
623,96,6,939,69586.33,2025-07-26
624,63,4,1079,246140.83,2025-02-07
625,101,3,428,80381.86,2025-11-10
626,116,9,852,75622.79,2025-06-29
627,55,2,1808,643357.33,2025-01-28
628,88,3,1393,120645.78,2025-06-13
629,57,1,963,181531.55,2025-04-03
630,126,7,226,31132.86,2025-02-04
631,41,9,1494,655793.65,2025-02-16
632,16,8,503,199614.31,2025-02-26
633,4,9,934,247885.86,2025-02-15
634,39,6,1928,435317.15,2025-08-11
635,11,5,694,115235.76,2025-02-22
636,50,5,1304,147245.96,2025-04-22
637,197,4,1848,392310.71,2025-05-03
638,185,6,1006,144932.15,2025-08-02
639,142,8,415,198751.09,2025-11-28
640,112,6,1375,273450.85,2025-08-04
641,24,10,704,59433.77,2025-03-26
642,114,1,1085,349578.63,2025-11-08
643,108,6,389,97564.22,2025-06-20
644,72,6,975,395767.18,2025-08-17
645,153,2,666,45182.48,2025-06-01
646,72,5,513,54521.64,2025-07-31
647,79,5,1570,714833.29,2025-11-16
648,49,9,343,17976.65,2025-11-26
649,92,7,1383,232398.27,2025-04-13
650,159,4,824,178434.91,2025-04-14
651,101,7,324,160658.31,2025-09-18
652,56,6,821,280457.45,2025-02-18
653,94,2,909,408626.0,2025-09-09
654,50,7,1285,634467.95,2025-09-06
655,19,8,534,198633.28,2025-10-23
656,146,9,565,243712.17,2025-02-25
657,51,1,849,351170.59,2025-06-26
658,47,10,131,40778.92,2025-04-08
659,146,3,380,48422.2,2025-12-17
660,148,10,549,184317.55,2025-08-26
661,105,2,0,0.0,2025-01-07
662,69,8,681,213077.99,2025-02-07
663,102,6,945,59816.79,2025-03-13
664,128,2,521,160869.83,2025-10-08
665,195,8,47,18974.28,2025-07-02
666,75,3,13,4656.19,2025-02-27
667,140,1,496,52083.86,2025-10-22
668,89,7,658,158582.98,2025-06-22
669,175,2,18,4868.86,2025-09-01
670,144,4,1240,166494.07,2025-03-15
671,9,7,264,98028.0,2025-08-31
672,181,3,952,124223.89,2025-05-11
673,95,7,1055,407753.26,2025-09-03
674,49,8,785,19119.57,2025-10-28
675,177,8,1214,44049.32,2025-03-10
676,111,8,1264,279878.45,2025-03-16
677,40,7,1930,411793.53,2025-11-12
678,72,10,1457,717418.49,2025-07-22
679,38,4,1570,453996.78,2025-06-17
680,172,7,1043,453243.82,2025-08-05
681,197,5,625,153315.42,2025-12-07
682,168,3,355,145197.27,2025-11-22
683,175,8,1157,528243.36,2025-02-05
684,181,10,1951,806297.9,2025-07-12
685,139,7,697,284497.27,2025-11-24
686,73,2,500,191632.1,2025-07-30
687,184,5,1915,841150.0,2025-12-14
688,75,10,1980,239482.92,2025-11-30
689,49,4,510,12740.42,2025-04-07
690,184,4,573,194204.97,2025-01-02
691,189,4,390,171767.57,2025-07-01
692,148,3,1075,451709.31,2025-02-09
693,166,2,1081,523068.22,2025-04-06
694,165,6,1148,179201.99,2025-08-08
695,57,4,1065,436968.4,2025-12-15
696,68,1,1963,860438.49,2025-02-23
697,139,4,1988,631157.47,2025-03-13
698,37,1,1045,68013.13,2025-10-02
699,31,6,1573,486596.18,2025-08-08
700,82,2,1369,567175.2,2025-04-06
701,169,4,1124,312766.13,2025-06-20
702,99,6,477,58675.79,2025-02-07
703,126,4,814,129641.02,2025-05-08
704,101,4,1765,530669.8,2025-08-21
705,43,10,880,368506.71,2025-11-16
706,8,7,1276,578786.33,2025-08-25
707,123,5,719,282539.37,2025-02-21
708,86,2,570,236918.27,2025-09-28
709,8,6,1086,388645.44,2025-04-21
710,36,4,918,454049.15,2025-11-25
711,182,9,1801,722022.29,2025-01-24
712,148,9,656,304796.1,2025-01-29
713,165,4,40,15196.89,2025-12-01
714,44,9,508,202104.75,2025-09-11
715,129,3,1666,293437.0,2025-09-29
716,139,2,1550,229610.3,2025-07-16
717,50,5,297,91691.2,2025-05-17
718,33,9,1477,361899.16,2025-03-30
719,66,6,403,86833.13,2025-01-25
720,199,5,1720,54369.72,2025-05-25
721,115,8,1087,445219.18,2025-09-30
722,135,7,1417,149562.14,2025-06-20
723,99,5,1294,329491.4,2025-03-08
724,84,5,1081,308823.42,2025-12-21
725,176,9,1316,401550.1,2025-08-04
726,116,2,1871,881446.57,2025-02-06
727,11,6,281,40526.14,2025-02-07
728,22,1,1936,619637.94,2025-02-17
729,128,5,491,46368.91,2025-08-28
730,183,6,1866,718074.31,2025-12-22
731,33,4,417,152405.29,2025-11-20
732,99,6,765,246262.23,2025-07-22
733,148,7,1555,651279.66,2025-04-24
734,56,10,850,214075.43,2025-06-30
735,47,7,517,59187.72,2025-12-06
736,67,6,547,193189.06,2025-06-04
737,13,3,149,55509.26,2025-08-01
738,46,2,510,185110.61,2025-02-03
739,98,6,1427,186517.33,2025-09-15
740,135,5,1544,346211.61,2025-03-08
741,133,2,1153,358081.28,2025-07-25
742,68,2,1306,533325.42,2025-01-05
743,194,4,673,195265.5,2025-01-08
744,75,3,1643,493003.35,2025-07-11
745,164,4,442,60278.91,2025-06-11
746,140,7,1323,557620.57,2025-07-09
747,4,10,1486,523197.66,2025-02-28
748,150,9,605,229570.5,2025-09-30
749,130,6,983,163886.67,2025-12-25
750,143,4,1113,80967.51,2025-03-20
751,189,8,752,211329.6,2025-04-03
752,178,3,1411,371249.75,2025-05-11
753,20,6,1891,672647.11,2025-04-01
754,60,7,297,78257.49,2025-04-11
755,187,3,956,320401.31,2025-06-29
756,70,1,1191,241156.99,2025-04-11
757,176,10,1283,298150.37,2025-06-29
758,85,5,504,86763.2,2025-06-25
759,41,5,350,142084.43,2025-05-18
760,76,4,772,347216.56,2025-09-12
761,105,10,882,387654.74,2025-08-07
762,101,5,1099,524883.76,2025-01-17
763,150,1,1706,255219.03,2025-08-03
764,145,5,1419,478019.29,2025-01-06
765,78,1,1399,560332.34,2025-11-30
766,144,8,118,25217.42,2025-03-01
767,59,9,257,101599.88,2025-08-02
768,114,6,722,66798.97,2025-08-16
769,194,5,1099,509053.78,2025-11-17
770,85,4,1036,372918.89,2025-12-21
771,165,1,899,400229.24,2025-07-26
772,27,10,140,29138.76,2025-10-16
773,8,1,767,169170.22,2025-10-02
774,112,8,1997,976464.24,2025-11-04
775,129,5,240,50220.24,2025-12-24
776,173,8,172,65367.94,2025-12-22
777,24,6,1001,161417.51,2025-09-21
778,155,5,540,74084.61,2025-10-24
779,123,8,1802,489663.12,2025-02-07
780,6,9,163,81446.46,2025-05-22
781,1,6,1959,951775.68,2025-07-21
782,163,4,1663,378624.4,2025-10-04
783,161,7,1213,246528.1,2025-08-01
784,7,8,1142,450703.09,2025-01-18
785,149,8,560,161047.34,2025-09-27
786,60,5,5,741.48,2025-12-27
787,152,8,791,156723.8,2025-11-03
788,157,2,577,179864.38,2025-12-19
789,100,1,164,58194.77,2025-05-22
790,180,2,1134,443899.77,2025-06-04
791,152,9,1713,580085.23,2025-02-26
792,67,1,1721,581480.59,2025-01-27
793,61,5,982,251289.23,2025-09-16
794,64,6,1896,211334.08,2025-09-12
795,40,4,1584,101152.0,2025-08-13
796,116,8,1182,198696.64,2025-03-15
797,24,10,1429,264434.29,2025-12-27
798,13,7,992,490374.09,2025-02-25
799,53,6,540,137487.57,2025-05-12
800,198,4,8,3930.95,2025-07-12
801,133,6,272,118017.07,2025-12-27
802,31,3,489,244062.44,2025-01-01
803,135,3,1186,524015.14,2025-09-10
804,147,2,1944,171570.53,2025-10-19
805,96,1,638,111030.9,2025-03-25
806,80,1,787,195617.08,2025-05-14
807,99,3,1078,522481.67,2025-01-23
808,45,4,694,67187.34,2025-03-08
809,87,1,1790,776539.76,2025-11-11
810,151,5,1280,561655.5,2025-03-11
811,110,2,929,240540.55,2025-01-24
812,197,10,1744,282318.9,2025-05-04
813,109,4,207,56793.14,2025-03-17
814,102,9,1965,393336.59,2025-07-07
815,189,9,1900,940192.75,2025-06-29
816,126,6,303,126721.09,2025-05-01
817,117,10,862,51425.22,2025-04-19
818,91,1,1815,396172.64,2025-03-13
819,22,10,1078,165296.65,2025-03-12
820,130,10,1895,140028.75,2025-02-26
821,39,5,8,3698.68,2025-03-07
822,96,9,1109,294165.89,2025-03-09
823,105,6,1704,148606.91,2025-07-23
824,84,7,231,35431.97,2025-12-21
825,183,4,1027,229343.75,2025-01-20
826,18,6,572,137152.99,2025-06-22
827,184,4,491,238256.95,2025-06-04
828,138,1,1129,321452.56,2025-02-02
829,170,1,1070,28768.99,2025-11-20
830,14,1,1741,124327.09,2025-04-24
831,45,7,1999,802204.44,2025-07-07
832,17,4,1063,117909.23,2025-06-27
833,77,7,78,6342.12,2025-03-14
834,128,6,196,11043.6,2025-08-06
835,31,1,146,69873.04,2025-09-09
836,131,1,722,257281.23,2025-03-24
837,34,9,1169,423881.5,2025-01-03
838,180,5,1472,66232.43,2025-01-28
839,180,6,1878,211380.79,2025-11-23
840,192,4,1877,268303.67,2025-10-10
841,176,4,886,93628.47,2025-11-29
842,168,7,1666,479656.75,2025-11-23
843,160,3,785,187079.71,2025-08-23
844,175,2,425,202892.81,2025-04-15
845,171,6,1169,83422.05,2025-01-03
846,58,6,1448,171936.5,2025-01-04
847,18,5,635,218672.08,2025-08-12
848,126,7,434,164644.99,2025-05-24
849,82,6,1519,439011.87,2025-04-06
850,42,7,1705,768968.91,2025-08-02
851,30,1,267,17991.71,2025-06-30
852,129,4,1200,147924.1,2025-05-13
853,198,7,906,399737.24,2025-02-02
854,165,9,1623,230903.54,2025-11-01
855,120,3,1654,192382.22,2025-03-25
856,82,8,851,343055.72,2025-10-13
857,2,9,1389,554921.23,2025-06-14
858,170,7,538,115171.79,2025-06-17
859,4,8,1302,286608.11,2025-01-30
860,68,5,1604,56054.92,2025-08-06
861,34,8,647,187882.01,2025-10-15
862,73,6,1471,38684.56,2025-04-01
863,170,4,1120,251472.79,2025-12-11
864,196,6,599,44372.94,2025-06-15
865,165,3,617,70858.88,2025-05-08
866,60,7,807,239588.45,2025-06-25
867,150,5,136,20232.8,2025-04-02
868,179,4,1731,251196.45,2025-05-14
869,142,9,1029,419637.27,2025-02-25
870,48,5,1120,355774.45,2025-12-20
871,194,5,1904,441769.25,2025-02-26
872,64,2,1994,104747.52,2025-07-05
873,85,9,452,13236.2,2025-11-16
874,119,3,1521,292529.73,2025-03-27
875,129,7,454,90187.65,2025-01-11
876,25,10,1362,495218.12,2025-10-30
877,22,3,1819,364785.4,2025-09-05
878,74,8,1825,560171.75,2025-10-16
879,93,2,1013,336303.04,2025-07-26
880,141,8,996,172444.16,2025-03-14
881,108,2,672,181734.0,2025-05-04
882,171,9,622,280611.66,2025-07-15
883,53,7,615,94163.08,2025-09-05
884,99,10,1449,445134.07,2025-12-29
885,27,2,434,103897.87,2025-08-18
886,53,6,1697,256788.3,2025-05-16
887,158,9,306,145458.49,2025-02-17
888,176,5,155,63227.51,2025-05-17
889,1,7,1477,552421.06,2025-03-02
890,38,10,1112,397083.58,2025-01-25
891,73,1,384,10984.91,2025-09-05
892,96,7,821,374871.31,2025-08-21
893,181,7,389,111581.02,2025-08-17
894,139,4,740,100175.01,2025-03-10
895,141,3,95,28819.47,2025-07-08
896,30,3,1457,279771.33,2025-04-16
897,167,3,307,95325.53,2025-01-09
898,98,6,320,109647.68,2025-11-14
899,81,2,340,71125.5,2025-01-14
900,148,6,1174,338195.31,2025-12-12
901,45,6,1547,322418.37,2025-01-15
902,125,2,1648,746158.0,2025-12-04
903,100,6,1669,403330.89,2025-01-11
904,48,2,1087,459555.75,2025-11-12
905,54,4,1702,567009.06,2025-08-27
906,39,8,1226,453573.65,2025-07-10
907,131,8,222,87284.72,2025-11-07
908,76,7,1806,734765.32,2025-05-30
909,69,6,1183,136804.72,2025-09-14
910,113,8,1047,173005.42,2025-10-24
911,114,4,1668,630789.43,2025-12-08
912,135,1,1041,152398.71,2025-07-28
913,136,3,672,108016.91,2025-07-15
914,114,9,185,5950.29,2025-03-26
915,155,6,683,110165.53,2025-11-18
916,116,7,585,236172.97,2025-01-14
917,84,2,1562,209063.5,2025-06-18
918,164,3,1206,499942.82,2025-03-04
919,158,3,106,33645.41,2025-08-11
920,62,8,798,132266.88,2025-07-18
921,123,4,791,105169.89,2025-07-29
922,112,4,1901,252426.7,2025-12-08
923,7,7,452,85221.46,2025-06-20
924,4,4,287,98583.9,2025-08-15
925,174,3,171,51934.4,2025-08-22
926,61,3,1039,20911.68,2025-05-03
927,21,5,1964,224310.82,2025-07-09
928,47,6,1028,140466.0,2025-09-19
929,46,7,891,384571.19,2025-01-05
930,22,5,597,227922.44,2025-06-14
931,163,2,389,187553.89,2025-10-28
932,91,2,97,24237.66,2025-05-20
933,8,5,992,294608.86,2025-06-06
934,25,9,1910,606697.8,2025-04-06
935,190,2,1405,139655.57,2025-04-16
936,15,5,1343,168512.62,2025-02-25
937,20,2,1956,690075.06,2025-06-18
938,116,5,405,145094.58,2025-02-03
939,51,10,1652,522216.22,2025-03-18
940,110,9,1624,308712.19,2025-11-15
941,191,7,1840,463348.18,2025-02-05
942,5,4,888,368791.61,2025-08-29
943,71,3,1799,501785.17,2025-01-24
944,18,4,1121,307705.6,2025-09-26
945,190,5,1999,711824.83,2025-06-14
946,112,9,58,22216.48,2025-08-08
947,168,4,1634,635276.47,2025-03-09
948,60,1,81,35989.43,2025-04-07
949,148,1,549,59715.85,2025-11-02
950,175,4,1796,893039.58,2025-05-23
951,158,5,1219,490447.7,2025-12-15
952,77,9,11,4547.72,2025-01-09
953,179,7,1915,308259.13,2025-04-07
954,122,1,1787,428884.85,2025-07-30
955,113,9,1866,256185.66,2025-06-10
956,157,10,1248,119859.19,2025-11-02
957,40,9,1831,639753.7,2025-02-16
958,172,1,1166,257323.57,2025-02-07
959,110,5,1180,430931.7,2025-10-04
960,159,9,1794,742420.67,2025-11-04
961,65,5,1997,899876.6,2025-08-05
962,73,5,1854,860329.46,2025-03-27
963,168,6,481,109665.84,2025-07-06
964,111,5,1326,541811.61,2025-07-17
965,141,3,326,23638.4,2025-06-22
966,20,5,1553,672112.36,2025-09-21
967,2,4,1554,549879.31,2025-08-28
968,100,10,1702,343899.6,2025-04-02
969,156,2,877,206526.24,2025-08-19
970,179,6,441,32305.74,2025-02-17
971,71,9,1855,386392.5,2025-08-26
972,29,4,1206,52714.46,2025-07-11
973,170,6,1884,740718.3,2025-10-09
974,140,3,1061,184539.5,2025-07-05
975,20,6,311,83572.89,2025-08-20
976,167,8,1241,478185.47,2025-05-23
977,175,2,23,5470.38,2025-11-26
978,91,2,584,93851.57,2025-04-12
979,199,5,44,897.85,2025-03-04
980,153,8,654,70234.6,2025-01-02
981,161,2,1572,257129.54,2025-03-22
982,48,5,382,29174.45,2025-08-15
983,129,6,179,7817.71,2025-07-30
984,66,4,969,113130.07,2025-05-15
985,120,2,1379,330521.71,2025-05-09
986,10,1,195,22447.58,2025-02-12
987,68,1,1346,474803.58,2025-10-30
988,129,1,198,16931.26,2025-03-18
989,106,9,1379,463509.13,2025-06-05
990,146,3,362,127572.54,2025-08-20
991,171,4,658,147885.92,2025-01-02
992,164,2,1082,178064.53,2025-06-07
993,154,9,1283,169602.23,2025-02-07
994,116,5,1326,209815.22,2025-08-12
995,139,9,1821,143828.41,2025-04-04
996,181,5,1220,180835.37,2025-09-01
997,76,7,17,8066.26,2025-10-08
998,82,8,669,132365.34,2025-04-19
999,78,5,57,18508.95,2025-12-17
1000,87,3,1025,380087.03,2025-04-12
